project,files
hejialianghe/senior-frontend,530
zackyang000/node-odata,82
lowdefy/lowdefy,1270
bretfisher/node-docker-good-defaults,4
thebeastlt/torrentio-scraper,38
learninglocker/learninglocker,1120
superhawk610/multicast,30
geekuillaume/freader,10
startupjs/startupjs,1101
arackaf/mongo-graphql-starter,298
feathersjs-ecosystem/generator-feathers,70
tooangel/screeps,96
foyzulkarim/mern-boilerplate,253
foyzulkarim/mernboilerplate,253
tdjsnelling/sqtracker,97
opendatacam/opendatacam,74
arunoda/laika,33
webgme/webgme,298
ytanaka-/menthas,17
risingstack/graffiti-mongoose,31
owasp/samm,78
democracyos/democracyos,314
zuehlke/poinz,333
dresende/node-orm2,118
gawesomebot/bot,292
lowercasename/gathio,20
not-quite-rarbg/main,9
biblibre/urungi,285
volpe28v/devhub,61
impulsoteam/atena,58
onepiecejs/nodejs-cantas,182
azat-co/mongoui,11
azat-co/rpjs,95
azat-co/practicalnode,106
azat-co/react-quickly,466
lobbyradar/lobbyradar,20
reactioncommerce/reaction,1804
davellanedam/node-express-mongodb-jwt-rest-api-skeleton,134
likeastore/notifier,27
superscriptjs/superscript,61
alpcanaydin/github-stats-for-turkey,91
lyosu/quote-bot,55
lyosu/fstikbot,76
franciscop/legally,28
nodebeats/nodebeats,230
beaucarnes/fcc-project-tutorials,32
howdyai/botkit-starter-web,16
howdyai/botkit-starter-slack,15
xtremespb/taracotjs,583
bedrockio/bedrock-core,422
keyteki/keyteki,3759
eddywashere/node-stripe-membership-saas,20
corwindev/discord-bot,599
andrewda/node-steam-guide,28
itteco/iframely,330
strapi/community-content,1134
scotch/sapling,90
neagle/gokibitz,278
18f/checklistomania,15
ircanywhere/ircanywhere,84
arbeitbot/arbeitbot,31
midudev/curso-node-js,46
puf17640/git-badges,19
vitmalina/w2ui,273
r-spacex/spacex-api,80
packtpublishing/full-stack-react-projects,233
packtpublishing/node-cookbook-3rd-ed,365
packtpublishing/docker-for-developers,127
sedouard/mongodb-mva,4
briankircho/mongoose-schema-extend,6
weather-bot/wxkitty,55
automattic/mydb,4
automattic/monk,15
automattic/mongoose,474
digitomize/digitomize,105
skycryptwebsite/skycrypt,136
heapsource/mongoose-attachments,4
mixmaxhq/mongo-cursor-pagination,24
thomasdavis/backbonetutorials,244
itsnitinr/driwwwle,39
marciovsena/abibliadigital,44
mailtrain-org/mailtrain,303
lloyd/myfavoritebeer.org,5
rd17/ambar,221
ryanbrwr/opal,29
iquidus/explorer,80
bigbluebutton/bigbluebutton,931
fastify/fastify-mongodb,2
christianalfoni/webpack-bin,194
khushi-purwar/webdev-projectkart,1021
hitk-tech-community/community-website,186
100xdevs-cohort-2/assignments,83
linagora/hublin,225
linagora/openpaas-esn,2190
sapconversationalai/bot-connector,130
ethereumclassic/explorer,77
aiinne/aine-md,51
gatanina-li/gatabot-md1,364
gatanina-li/gatabot-md,374
gatanina-li/gatabotlite-md,96
openwhyd/openwhyd,240
lockerproject/locker,533
easy-mock/easy-mock,70
danielfsousa/express-rest-boilerplate,25
seyz/jsonapi-serializer,18
androz2091/atlantabot,3849
omarciovsena/abibliadigital,44
discord-custom-covers/usrbg,1
chrisleekr/binance-trading-bot,271
sahat/hackathon-starter,10
danwahlin/codewithdandockerservices,27
danwahlin/customermanager,37
danwahlin/customermanagerstandard,53
mvfsillva/dialetus-service,35
csgofloat/csgofloat-inspect,12
csgofloat/inspect,12
subinps/tg-whatsapp,10
async-labs/builderbook,332
mistval/kotoba,220
waldemarnt/node-typescript-api,21
derekdinan/tsuyo,110
cla-assistant/cla-assistant,96
zt3h/maroapi,31
gatsbyjs/gatsby,3017
fzaninotto/uptime,63
happypeter/onestep,190
jsreport/jsreport,1268
xiongwilee/gracejs,170
dimimikadze/create-social-network,13
mongo-js/mongojs,84
picocreator/smol-dev-js,43
vulnogram/vulnogram,49
idurar/idurar-erp-crm,384
idurar/erp-crm,384
parse-community/parse-server,334
parse-community/parse-sdk-js,164
parse-community/parse-server-example,7
meteor-community-packages/meteor-link-accounts,33
easyerp/easyerp_open_source,1634
syssn13/leetcode-rating-predictor,24
cozuya/secret-hitler,224
pipedreamhq/pipedream,10128
formio/formio,192
bradtraversy/contact-keeper,33
bradtraversy/nodeauthapp,5
bradtraversy/node_passport_login,7
bradtraversy/storybooks,11
bradtraversy/devconnector_2.0,56
bradtraversy/docker-node-mongo,2
bradtraversy/meanauthapp,20
snoopysecurity/dvws-node,28
stefanscherer/dockerfiles-windows,12
microsoft/ghcrawler,60
microsoft/devops-project-samples,1887
godaddy/terminus,35
bryantheastronaut/merncommentbox,10
foxhound87/rfx-stack,73
adamant-im/adamant-coinoptimus,61
adamant-im/adamant-tradebot,49
randomapi/randomuser.me-node,154
rafase282/my-freecodecamp-code,81
nodebb/nodebb,796
node-red/node-red-nodes,110
maisans-maid/mai,231
snyk-labs/nodejs-goof,10
jeanrauwers/mern-course-bootcamp,282
codigoencasa/bot-whatsapp,72
facultycreative/ngactiveresource,34
aheckmann/mquery,13
aheckmann/gridfs-stream,5
scttnlsn/mubsub,9
vkarpov15/run-rs,6
journey-ad/moe-counter,6
eyblockchain/nightfall_3,294
kunalkapadia/express-mongoose-es6-rest-api,15
cloud-cv/origami,125
yongjhih/docker-parse-server,7
allcount/allcountjs,125
vadimdemedes/mongorito,51
pryv/open-pryv.io,405
officert/mongotron,149
EddieHubCommunity/BioDrop,251
binci/binci,34
leepowelldev/mongoose-validator,2
yobulkdev/yobulkdev,77
mrhm-dev/full-stack-army,357
ndelvalle/generator-api,26
iaincollins/nextjs-starter,27
speckleworks/speckleserver,94
adh319/lunox,90
jonathanwexler/get-programming-with-nodejs,895
countly/countly-server,928
thenativeweb/node-eventstore,22
thenativeweb/node-cqrs-domain,110
thenativeweb/cqrs-sample,22
naturalnode/natural,207
pikabotz/anya_v2-md,162
hisham-muhammed/sophia-1,70
ltonetwork/mongodb-rest,31
azure/blackbelt-aks-hackfest,19
azure/kubernetes-hackfest,80
travist/resourcejs,5
dozoisch/koa-react-full-example,43
techx/quill,40
deployd/deployd,90
justsml/escape-from-callback-mountain,42
wearrrrr/haikei,42
bh-lay/blog,81
tmeasday/create-graphql-server,35
dialetus/dialetus-service,35
entria/koa-passport-mongoose-graphql,23
kjda/reactjs-phonegap,29
bipio-server/bipio,77
cnodejs/nodeclub,126
wallace5303/dapps,16068
toymachiner62/node-mongo-seeds,11
zerocho/nodejs-book,731
emerleite/node-database-cleaner,11
mrvautin/expresscart,59
mrvautin/openkb,36
mrvautin/adminmongo,354
makinhs/rest-api-tutorial,11
adafruit/adafruit-webide,339
sergeyksv/tungus,33
sergeyksv/tingodb,44
brmodeloweb/brmodelo-app,96
mongoist/mongoist,11
harounchebbi/mern-stack-crud-app,7
codeartemis/triggerrally,138
florianholzapfel/express-restify-mongoose,28
runonflux/flux,317
dev-mastery/comments-api,41
cezerin2/cezerin2-api,77
scotch-io/react-tweets,11
scotch-io/node-todo,7
scotch-io/easy-node-authentication,6
sabymike/mongoose-relationship,2
damian-pastorini/reldens,452
emadehsan/thal,2
harshita214/chrome-extension,486
duyluonglc/lucid-mongo,81
yogdaan/blockchain-certification,26
chilts/mongodb-queue,12
relax/relax,551
equimper/nodejs-api-boilerplate,42
tblobaum/mongoose-troop,35
elliotf/mocha-mongoose,4
fossasia/loklak_webclient,524
fossasia/commonsnet,43
fossasia/loklak_walls,549
fossasia/yaydoc,38
codinggarden/entropychat.app,37
sparkfun/phant,122
enjalot/blockbuilder,44
pa11y/pa11y-webservice,31
pa11y/pa11y-dashboard,104
thinkswell/javascript-mini-projects,576
stalniy/casl,86
ibm/innovate-digital-bank,46
i18next/i18next-node,28
masylum/mongolia,22
masylum/dialect,16
jones2000/hqchart,232
amupedia2021/amupedia-web,77
amupedia2021/project-amupedia,77
3eif/eartensifier,131
universoimpulso/atena,58
syzer/js-spark,82
vmware-archive/scripted,425
janoside/btc-rpc-explorer,53
lenoxbot/lenoxbot,240
frandiox/vue-graphql-enterprise-boilerplate,88
drewthoennes/bored-api,52
mongodb-developer/mern-stack-example,10
17koa/koa-generator-examples,25
galenmaly/lighterpack,29
bluehalo/node-fhir-server-mongo,125
bluehalo/node-fhir-server-core,3232
jkheadley/rest-hapi,75
cveproject/cve-services,128
nightwolfz/mobx-starter,41
nightwolfz/inferno-starter,45
florianheinemann/passwordless,31
alheimsins/bigfive-web,48
epistasislab/aliro,163
spencermountain/dumpster-dive,25
newrelic/node-newrelic,1020
actions/example-services,3
soaple/stickyboard,155
OpenSignLabs/OpenSign,206
aot-technologies/forms-flow-ai,287
oslabs-beta/genesisql,15
oslabs-beta/torchql,58
oslabs-beta/irisql,15
oslabs-beta/horus,16
oslabs-beta/kondo,8
oslabs-beta/thermakube,22
maticnetwork/dagger.js,11
naveeddogar/KING-MD,65
r-s0n/ars0n-framework,103
simpleboy353/reaper-2.0,242
biggora/caminte,48
luin/express-promise,13
evanlucas/learnyoumongo,17
farhan-dqz/juliemwol,105
optimalbits/ground,50
optimalbits/node_acl,10
alabid/flylatex,100
brunosobrino/themystic-bot-md,327
ping-pub/explorer,2
plateful/plateful-mobile,117
diddledani/twitodon,4
guidone/node-red-contrib-chatbot,454
geddy/model,75
graphql-boilerplates/react-fullstack-graphql,41
adaptlearning/adapt_authoring,673
huluoyang/freecodecamp.cn,164
jefflomacy/villagerdb,59
grouparoo/grouparoo,285
abecms/abecms,338
square/cube,38
mongoosejs/mquery,13
Adamant-im/adamant-exchangebot,33
nexusnw/gojo-satoru,6542
boblauer/cachegoose,7
mpashkovskiy/express-oas-generator,33
devongovett/reader,31
clouda-team/cloudajs,136
eleven-trading/tradenote,80
getstream/stream-node-orm,17
getstream/winds,255
cloudboost/cloudboost,998
node4good/formage,194
mallocator/elasticsearch-exporter,42
salman0ansari/whatsapp-api-nodejs,28
imyanxiao/elaina-multidevice,272
bluzi/travis-buddy,29
csfloat/inspect,12
saintedlama/restify-mongoose,14
saintedlama/passport-local-mongoose,14
saintedlama/mongoose-version,12
autplayed/imguralbumbot,7
baugarten/node-restful,20
timemagazinelabs/babynames,14
twikoojs/twikoo,44
coinspace/coinspace,103
vizorvr/patches,1003
cagataycali/url-shortener,25
bytemakers/noteslify,88
wafttech/waftengine,286
sixstars/starctf2019,34
jedireza/hapi-mongo-models,4
jedireza/drywall,63
jedireza/frame,59
jedireza/aqua,291
aravindnc/mongoose-aggregate-paginate-v2,4
aravindnc/mongoose-paginate-v2,8
dekkerglen/cubecobra,398
open-coronavirus/open-coronavirus,212
octofarm/octofarm,357
yodaos-project/shadownode,2449
webstrates/webstrates,82
dsanel/mongoose-delete,2
cayasso/mongo-oplog,5
tetracyl/eartensifier,131
datafire/integrations,2115
bnoguchi/mongoose-auth,34
elrebelde21/NovaBot-MD,52
nswbmw/koa-mongo,3
darkempire78/discord-tools,33
moleculerjs/moleculer-db,67
rubynor/bigfive-web,187
getindiekit/indiekit,468
responsible-ai-collaborative/aiid,532
ovh-ux/ovh-chatbot,70
azure-samples/contoso-real-estate,16
azure-samples/ms-identity-javascript-react-tutorial,0
chartbrew/chartbrew,310
codio/iloveopensource,74
afuh/rick-and-morty-api,23
codewars/codewars-runner-cli,131
hjespers/teslams,26
spiderjockey02/discord-bot,273
jackdh/rasatalk,524
imaegoo/twikoo,44
together-100devs/together,92
louislam/uptime-kuma,183
opennewslabs/guri-vr,43
steedos/steedos-platform,1525
steedos/steedos-app-contract,4
rocketseat-education/semana-omnistack-8,22
snodgrass23/base12,29
nosqlclient/nosqlclient,217
nassor/mongoose-history,14
workout-lol/workout-lol,43
travisghansen/external-auth-server,37
feross/studynotes.org,124
meteor/examples,118
axa-group/nlp.js-app,412
axa-group/nlp.js,905
tellform/tellform,138
cyclonedx/cdxgen,28
ql-io/ql.io,220
meanjs/mean,134
dylanlrrb/please-contain-yourself,3251
hoangvvo/nextjs-mongodb-app,45
vinitkumar/node-twitter,37
mraugu/simple-discordjs-dashboard,5
mraugu/discord-xp,4
Algolisted/AlgoListed,144
litefarmorg/litefarm,1045
ly525/luban-h5,167
eddiehubcommunity/linkfree,251
cezerin/cezerin,496
cvmcosta/ltijs,33
nurutomo/wabot-aq,340
swap76/learn-javascript,2
scorelab/stackle,25
zepp-health/zeppos-samples,268
strider-cd/strider,303
mongodb-js/connect-mongodb-session,3
mongodb-js/mongoose-autopopulate,4
creationix/howtonode.org,169
fightpandemics/fightpandemics,445
pwndoc-ng/pwndoc-ng,104
tossshinhwa/node-odata,82
christopherchudzicki/math3d-react,257
lizheming/waline,78
veliovgroup/mail-time,13
electerious/ackee,348
lnp2pbot/bot,60
clevertech/boilerplate,95
ethaan/vuexpresso,32
madmous/madclones,214
edwardhotchkiss/mongoose-paginate,2
edwardhotchkiss/short,6
rappid/rappid.js,258
alexfernandez/package-quality,27
maximeheckel/harborjs,9
mockgoose/mockgoose,20
learning-zone/mongodb-basics,5
timezoneio/timezoneio,69
alonronin/mockingoose,4
mikuu/micoo,122
dhiwise/dhiwise-nodejs,659
scripted-editor/scripted,425
e-oj/fawn,15
unitech/angular-bridge,4
habitrpg/habitica,1183
variety/variety,21
johnpapa/ng-demos,693
mjhea0/passport-local-express4,5
ariffb25/stikerinbot,344
cloudwise-opensource/flyfish,3852
popcorn-official/popcorn-api,71
cboard-org/cboard,436
microlinkhq/keyvhq,38
microlinkhq/keyv,38
eggjs/egg-mongoose,55
ntkhang03/goat-bot-v2,194
martincarrera/clash-royale-api,71
ngrp/node-red-contrib-viseo,189
spf13/kaiju,3
madhums/node-express-mongoose-demo,31
madhums/node-express-mongoose,14
strongloop/zone,160
strongloop/loopback-connector-mongodb,19
guru322/guru-bot,291
sarkistlt/mongoose-schema-to-graphql,16
unfetter-discover/unfetter,4
addyosmani/backbone-fundamentals,134
addyosmani/backbone-boilerplates,62
jasonboy/wechat-jssdk,29
creativetimofficial/material-dashboard-react-nodejs,282
yoitsro/joigoose,2
remoteinterview/zero,124
hiteshchoudhary/apihub,147
petio-team/petio,184
oracle-quickstart/oci-cloudnative,100
groupdock/mongoose-nested-set,5
ramiel/mongoose-sequence,5
tangly1024/notionnext,812
notexpectedyet/octofarm,357
loopbackio/loopback-connector-mongodb,19
feathersjs/generator-feathers,70
4minitz/4minitz,320
jedwatson/sydjs-site,131
codeuino/social-platform-donut-frontend,190
vivekratnavel/omniboard,87
robrighter/node-boilerplate,3
sentinel-official/sentinel,711
mayeaux/nodetube,145
zellwk/crud-express-mongo,2
marcwan/learningnodejs,236
powmedia/mongoose-fixtures,2
powmedia/pow-mongodb-fixtures,7
asymmetrik/node-fhir-server-mongo,125
asymmetrik/node-fhir-server-core,3232
wkylin/pro-react-admin,65
adrianobel/koa2-api-boilerplate,20
llaske/sugarizer,3387
covid-19-electronic-health-system/corona-tracker,42
sharvit/mongoose-data-seed,96
openintegrationhub/openintegrationhub,905
hengkiardo/express4-bootstrap-starter,56
nebulade/meemo,34
0perationprivacy/voip,76
socioboard/socioboard-4.0,841
socioboard/socioboard-5.0,841
vassilispallas/mongoose-fuzzy-searching,17
sdelements/lets-chat,113
iolo/mongoose-q,8
colloqi/pisignage-server,55
rovelstars/discord-list,77
gillesheinesch/lenoxbot,240
circleci-public/circleci-demo-javascript-express,54
jelhub/scimgateway,23
UdaraJay/Pile,83
midwayjs/midway-examples,184
cliftonc/express-mvc-bootstrap,23
cliftonc/calipso,414
salmanytofficial/XLICON-MD,64
salmanytofficial/XLICON-V2-MD,347
dan-divy/spruce,62
cefjoeii/mern-crud,15
freecodecamp/league-for-good,107
freecodecamp/meeting-for-good,77
freecodecamp/demo-projects,197
freecodecamp/pantry-for-good,453
freecodecamp/curriculumexpansion,897
camelaissani/loca,116
scality/cloudserver,523
scality/zenko,50
mongoose-unique-validator/mongoose-unique-validator,6
openuserjs/openuserjs.org,55
voluntarily/vly2,827
deepforge-dev/deepforge,320
marsup/hapi-mongodb,2
blakehaswell/mongoose-unique-validator,6
dashersw/mogollar,7
larvalabs/pullup,41
frontendmasters/advanced-graphql,18
naturalcrit/homebrewery,66
matteodelabre/mongoose-beautiful-unique-validation,3
autodesk-forge/forge-rcdb.nodejs,487
open-webrtc-toolkit/owt-server,201
bitpay/bitcore-wallet-service,78
bitpay/bitcore-wallet-client,23
bitpay/bitcore,614
frontendbr/eventos-api,29
deltacoderr/karmabot,100
treygriffith/connect-mongodb,4
nightscout/cgm-remote-monitor,289
sank6/discord-bot-list,73
leaphant/skyblock-stats,35
packtworkshops/the-javascript-workshop,154
ymfe/yapi,244
amazingandyyy/mern,35
leemonade/leemons,5075
Algolisted-Org/AlgoListed,144
supunlakmal/thismypc,1014
game-helper/weixin,133
pythagora-io/pythagora,70
zone-eu/zone-mta,67
ealeksandrov/nodeapi,17
nodemailer/wildduck,211
mgenev/nodember,93
kapable/kapable.github.io,94
share/sharedb-mongo,13
balderdashy/sails-mongo,44
ideablade/breeze,1045
buildable/templates,1
diegohaz/querymen,6
diegohaz/rest,41
walinejs/waline,78
qsniyg/maxurl,32
guo-yu/candy,16
wikimedia/visualeditor,589
primatejs/primate,293
icebob/kantab,88
icebob/fastest-validator,82
icebob/vue-express-mongo-boilerplate,112
saiteja-madha/discord-js-bot,3890
afloyd/mongo-migrate,5
mongo-express/mongo-express,41
anticoders/gagarin,71
wesbos/learn-node,180
wesbos/advanced-react-rerecord,199
wesbos/advanced-react,181
aquilacms/aquilacms,669
codemistic/web-development,838
linuxacademy/robot-shop,7
ijemmao/igbo_api,71
microsoftedge/magic-mirror-demo,15
switchbladebot/switchblade,451
immers-space/activitypub-express,37
irrelon/ige,1250
webschool-io/be-mean,702
ijason/nodejs-sample-app,491
ni-c/heimcontrol.js,24
crcn/sift.js,8
kalisio/feathers-distributed,34
zjonsson/node-etl,65
ayush7614/bundli-frontend,461
peterhanania/pogy-old,295
peterhanania/pogy,295
breuerfelix/instapy-gui,21
synzen/monitorss-clone,7
wangweianger/zaneperfor,108
nlaz/flashcards-for-developers,120
tuhinpal/whatsbot,47
mailvelope/keyserver,29
drudge/mongoose-findorcreate,2
drudge/mongoose-timestamp,9
suggester/suggester,92
mmikowski/hi_score,60
mdn/express-locallibrary-tutorial,13
kokonior/javascript-projects,4883
serverless/examples,163
serverless/serverless-graphql,56
serverless/serverless-kubeless,51
ksjaay/alita,36
learnprompt/learnprompt,207
forwardemail/forwardemail.net,416
suissa/mean-seed,55
openhab/openhab-cloud,115
germanattanasio/your-celebrity-match,19
cloudron-io/meemo,34
overleaf/web,1196
overleaf/overleaf,1752
hagopj13/node-express-boilerplate,50
tfagaming/discordjs-v14-bot-template,36
vercel/next.js,6894
vercel/ncc,193
vercel/nft,442
graphqlguide/apollo-datasource-mongodb,7
noobaa/noobaa-core,712
kubevela/samples,72
thekinrar/instances,97
thekinrar/mastodon-instances,97
rgarcia/dochub,69
lorencerri/quick.db,3
polonel/trudesk,770
seppevs/migrate-mongo,27
kai0071/a17,58
demandio/ember-prerender,38
module-federation/aegis-host,40
module-federation/aegis,180
module-federation/microlib,40
lucyllewy/twitodon,4
keystonejs/keystone-classic,760
trustwallet/tokens,3
agenda/agendash,26
piyushgarg-dev/piyushgargdev-nextjs,16
forestadmin/forest-express-mongoose,57
forestadmin/lumber,165
joshuaslate/mern-starter,69
anomic30/storz,21
cobalt-uoft/cobalt,66
whitef0x0/node-email-verification,5
ddinan/tsuyo,110
ghaiklor/telegram-bot-github,16
hwz/chirp,35
thomas4019/expressa,71
winstonjs/winston-mongodb,4
botfront/botfront,435
mnutt/davros,108
benjaminadams/redditjs,127
mohmedikram/hacktoberfest2022,371
kissjs/node-mongoskin,30
lorenalgm/devchallengeapi,31
lukechilds/keyv,1
backmeupplz/banofbot,24
marmelab/javascript-boilerplate,176
ladjs/lad,83
dxy-f2e/api-mocker,110
lipp/doclets,68
tooljet/tooljet,414
adre9/bunk-manager-mern,72
kube-hpc/hkube,868
snyk/goof,10
lukepeavey/quotable,37
vitorbaptista/shellshare,15
siris2314/necroatomicbot,293
blobbydev/doggobot,119
eclipse/orion.client,1152
eclipse/streamsheets,1576
zhuweiyou/weixin-game-helper,133
instana/robot-shop,7
balmasi/migrate-mongoose,6
jerenaux/phaserquest,32
ayushagg31/trellis,55
elastic/apm-agent-nodejs,546
tiledesk/tiledesk-server,350
ethanrbrown/web-development-with-node-and-express-2e,124
ethanrbrown/web-development-with-node-and-express,369
trustroots/trustroots,568
kdchang/reactjs101,251
louischatriot/mongo-edit,105
dynastic/place,69
pencilblue/pencilblue,367
